id;name;username;verified;language;email;email_verified;license;active;password;created;updated
1;ha behind amazing;restroom affectionate;N;EN;Filomena69@gmail.com;Y;ew;Y;like eek;2023-11-13T11:24:26;2023-11-13T13:18:58
2;violent;gadzooks lake certainly;N;EN;Tremayne_Rau@hotmail.com;Y;incidentally;Y;flush monthly lavish;2023-11-13T11:46:13;2023-11-13T13:44:03
3;film enraged;rival heartbeat shrill;Y;FR;Dennis96@gmail.com;Y;instead;Y;meh history french;2023-11-13T14:49:18;2023-11-13T05:57:15
4;embellished;beyond associate;N;FR;Joaquin_Keebler8@hotmail.com;N;zowie;N;badly hm;2023-11-13T16:21:15;2023-11-13T08:48:58
5;excluding;unfortunately warlike;N;EN;Ocie76@gmail.com;Y;ultimately possible bid;Y;via;2023-11-13T16:39:54;2023-11-13T14:40:05
6;owlishly content;shameful hesitate;Y;EN;Linnie_Kautzer@gmail.com;Y;finally zowie huzzah;N;since warlike brink;2023-11-13T11:39:18;2023-11-13T06:15:59
7;and;yuck;N;DE;Ozella.Medhurst@yahoo.com;N;torn jink reactant;N;hopelessly considering;2023-11-13T06:00:55;2023-11-13T07:32:38
8;provided abandoned man;neglected iceberg;Y;DE;Catherine_Koepp@gmail.com;N;aboard;N;brr hateful;2023-11-13T06:50:07;2023-11-13T14:23:01
9;melodic able;duh through;Y;DE;Jeanette59@gmail.com;N;brr and investor;N;consumption;2023-11-13T14:38:51;2023-11-13T14:55:18
10;variable unlike;consequently oof;Y;ES;Ronny.Botsford32@hotmail.com;Y;monthly defensive;Y;behind ajar ouch;2023-11-13T18:40:04;2023-11-13T20:54:11
