id;company_id;title;message;image_url;video_url;starts;expires
1;3057;oh terrify;surface lollipop;lead bind default;lettuce;2023-11-13;2023-11-13
2;16347;lest mysteriously;instead;inasmuch;inside;2023-11-13;2023-11-13
3;15352;yowza;banana;longingly passing bulky;examine fabulous yuck;2023-11-13;2023-11-13
4;1915;sterilise outside;fascia stir-fry;fan uh-huh meh;frosty;2023-11-13;2023-11-13
5;32142;international till as;soul via helpless;yearningly explanation;near;2023-11-13;2023-11-13
6;20049;doubtfully unwieldy;compartmentalize atop aw;along;hmph poorly;2023-11-13;2023-11-13
7;14772;gracefully;governance winkle;but;loosely testy including;2023-11-13;2023-11-13
8;5747;unexpectedly outrun wilted;leash shear fat;vast pleased;till gosh energetically;2023-11-13;2023-11-12
9;3369;yuck;series severe;jubilant;once that till;2023-11-12;2023-11-13
10;26633;carpool;climb;aunt;outgoing beyond;2023-11-13;2023-11-13
